UM Physics 135 Final Exam Fall 10 Problem 01,5,https://docs.google.com/document/pub?id=1wZ4NCsJA71F4S1a8bxD8dx_zv5eG5BmNdHuI1C_HyUk
UM Physics 135 Final Exam Fall 10 Problem 03,5,https://docs.google.com/document/pub?id=1zNkSbXkWPHmP-D4MSHwoTlqbZnZKq-Q9-3orhF1vvcM
UM Physics 135 Final Exam Fall 10 Problem 04,4,https://docs.google.com/document/pub?id=1qJJ-Yeb5DmGjcpLkHDf-1LBqQNVFOpn0VT4SYgBYh6k
UM Physics 135 Final Exam Fall 10 Problem 05,2,https://docs.google.com/document/pub?id=1A3uXYpuB9TDfYhlmuSmgo9YVBQrNiBZ_btXT6ZTCrm0
UM Physics 135 Final Exam Fall 10 Problem 06,5,https://docs.google.com/document/pub?id=1Bx-WfYCxx2fHx4fcsfiSPUXRC9T5MVcRIWs8la_rfzk
UM Physics 135 Final Exam Fall 10 Problem 07,4,https://docs.google.com/document/pub?id=1RAxbzm-VhCg1oWYPOVDdsQlIUCso7ldQUsJArZyhz8Y
UM Physics 135 Final Exam Fall 10 Problem 08,4,https://docs.google.com/document/pub?id=182KF-uW7wncjE8WWESbk7nFLdhMgCXQBi0SMu9rCzaY
UM Physics 135 Final Exam Fall 10 Problem 09,4,https://docs.google.com/document/pub?id=11zE8fAR6uEMRBMkNgdI5c-DbOHygXE68FRo1F6IhcJw
UM Physics 135 Final Exam Fall 10 Problem 10,1,https://docs.google.com/document/pub?id=1Nnj5Pxf-gc6IRDrWam_pn5h31za_fFsknL5EgLOPg-0
UM Physics 135 Final Exam Fall 10 Problem 13,2,https://docs.google.com/document/pub?id=1UUmWZMIrLaV_c2swXi0maczyJSLyLdbGyt3panbDzKw
UM Physics 135 Final Exam Fall 10 Problem 14,2,https://docs.google.com/document/pub?id=1mvSmbpumN9NfssyvQfXyePMyWocWK2pVkrzjfvdY1y0
UM Physics 135 Final Exam Fall 10 Problem 15,2,https://docs.google.com/document/pub?id=19PkVBDfjIjZdqRoBOuqMYMUAWIXFLH2VubT8b7BqjtU
UM Physics 135 Final Exam Fall 10 Problem 16,5,https://docs.google.com/document/pub?id=1RCOPtzsNH7SF8-sVNH0tWgobca2Gi0QC1-To2nARC_8
UM Physics 135 Final Exam Fall 10 Problem 17,3,https://docs.google.com/document/pub?id=1Fo1WE7sdV-veQtilWQYqCTzDg635--TfvbVDIN2sxPk
UM Physics 135 Final Exam Fall 10 Problem 18,3,https://docs.google.com/document/pub?id=1ueLfEZEx_6u3-Xj7_kvU0OaqFrldsCJQFba_6Qeby3w
UM Physics 135 Final Exam Fall 10 Problem 19,5,https://docs.google.com/document/pub?id=1CfTqq-hmzWpdIZATEyFUh7CeohmPCiDv2_3FfmkQNr8
UM Physics 135 Final Exam Fall 10 Problem 20,5,https://docs.google.com/document/pub?id=1T-2Td3qeVxCQRX7s8yxgigFydAZM18wFZp-PqIguuLc
UM Physics 135 Final Exam Fall 10 Problem 21,2,https://docs.google.com/document/pub?id=1nZxXBZUwpq-KsmawHJpMnuprxSb2gWCr9wZOzH_y7OE
UM Physics 135 Final Exam Fall 10 Problem 22,4,https://docs.google.com/document/pub?id=1XXKKaho28__k67MyYcStxNp3m-RlN2wzhFacnw_S4sA
UM Physics 135 Final Exam Fall 10 Problem 23,5,https://docs.google.com/document/pub?id=1AMEEY6ZbOcNQu2yaDE2Zcb5pxKD0Es26UsL61XrVUtY
UM Physics 135 Final Exam Fall 10 Problem 24,1,https://docs.google.com/document/pub?id=1IHby9E-DAtsDPwptenufhgjMSlNShb2nxnLK1MDdRcI
UM Physics 135 Final Exam Fall 10 Problem 25,3,https://docs.google.com/document/pub?id=1Pelp3ViPEM_Mq0RCdx60Z6j1BGELZzsE8TxKKeryTcc
UM Physics 135 Final Exam Fall 11 Problem 01,1,https://docs.google.com/document/pub?id=1dP6qu_necWNA9azdnG0sPflRQF_zvv6G92Lkf-68w5I
UM Physics 135 Final Exam Fall 11 Problem 02,1,https://docs.google.com/document/pub?id=1cusVNnGmlrxIQsDqKCHtilL7RKSrmlPZByuAkRiW6a0
UM Physics 135 Final Exam Fall 11 Problem 03,2,https://docs.google.com/document/pub?id=1oxov99t2YHVH8QlP_kgO2xgTzZ_sc4HhZfTabCHCD4Y
UM Physics 135 Final Exam Fall 11 Problem 04,1,https://docs.google.com/document/pub?id=1JDEFZPpt4d6SSZ_asYZxUrCZxEcMyb4k2GnoZ5JcTgM
UM Physics 135 Final Exam Fall 11 Problem 05,4,https://docs.google.com/document/pub?id=18466FvDCKIw6V2LrMt9ssJCzuOxswVbQUEQbvVTLY2o
UM Physics 135 Final Exam Fall 11 Problem 06,1,https://docs.google.com/document/pub?id=1BNp9iclIkENhW7qmlKCtWD3gbUCurlYqAJL50pw5fQQ
UM Physics 135 Final Exam Fall 11 Problem 07,3,https://docs.google.com/document/pub?id=1mmgu2JfSrVejQcs1NLsbPpXWHwlyVu2gP99VnYF9tQQ
UM Physics 135 Final Exam Fall 11 Problem 08,4,https://docs.google.com/document/pub?id=1RCg98ISve3qoxetY_4RB5wQtopKWZurxrsSDnhoxRTE
UM Physics 135 Final Exam Fall 11 Problem 09,1,https://docs.google.com/document/pub?id=1PEjFjm2sZKAT02raMA08azo_2wxfopDQnIrmTzQzNnc
UM Physics 135 Final Exam Fall 11 Problem 10,4,https://docs.google.com/document/pub?id=1E9fsfRzH0XQ6nO2FMJkgw-IPkRWVmhXbOPZML8aGhqk
UM Physics 135 Final Exam Fall 11 Problem 11,4,https://docs.google.com/document/pub?id=1iCg-OE3CKQij_Nsn7ONEvhui3h6QJs77cN2V9ecjohk
UM Physics 135 Final Exam Fall 11 Problem 12,3,https://docs.google.com/document/pub?id=1VpzbS-YXbak4iHn6ntNkA-1ZRyI_TRmQJFzCEl7dRUU
UM Physics 135 Final Exam Fall 11 Problem 13,2,https://docs.google.com/document/pub?id=1F6qKEJFGPjPszfKyJ_R_KQfDTSJaaCuCpOMpjKVCvVA
UM Physics 135 Final Exam Fall 11 Problem 14,4,https://docs.google.com/document/pub?id=1v7bbHpz6YOwVkUDkzf71-JXgTYQ6Kgy1DI-JYF-28mY
UM Physics 135 Final Exam Fall 11 Problem 15,4,https://docs.google.com/document/pub?id=13ifvOMLJ089Kl0Ric_fekzDtWvglGxSgHCFnxXfXZsg
UM Physics 135 Final Exam Fall 11 Problem 16,5,https://docs.google.com/document/pub?id=1xhx9DIbo1STuZgEcs3CmQ_sqjQPqFIugLM4TL5jK1TE
UM Physics 135 Final Exam Fall 11 Problem 17,5,https://docs.google.com/document/pub?id=1LCHhDZBpep6PAsoAuSBHhFNP9kBveHeiIkmnuPD96go
UM Physics 135 Final Exam Fall 11 Problem 18,3,https://docs.google.com/document/pub?id=1d5up9IDP7k1WkEmdBdE8nCmQUJFGII2WmuKQslwIx2Q
UM Physics 135 Final Exam Fall 11 Problem 19,4,https://docs.google.com/document/pub?id=1Ntsa1xcftMuHwUnzupi-joEWz2qwhfpv9bzeJxdcDYE
UM Physics 135 Final Exam Fall 11 Problem 20,3,https://docs.google.com/document/pub?id=1F6bTr4aKOpBUUcm33MG65qHDLXCPpnvTXX3lXN0dj8A
UM Physics 135 Final Exam Fall 11 Problem 21,3,https://docs.google.com/document/pub?id=132ZfZzr60ONj7NLVL9Pz8AKQh9hO8F7PX1lliNpBorY
UM Physics 135 Final Exam Fall 11 Problem 22,3,https://docs.google.com/document/pub?id=1d9rjij_j6ia4hES4kX2IfNBZYmJc2J2PcuFHWMGyFmE
UM Physics 135 Final Exam Fall 11 Problem 23,2,https://docs.google.com/document/pub?id=1qkepsIVOyMs_34s76N3wSwuGDku7iiCiWy1MSMnJwLw
UM Physics 135 Final Exam Fall 11 Problem 24,3,https://docs.google.com/document/pub?id=1JP0cgmYP4hOv4Xwy0ItOQUZD6chAJxr5ffYPRN3pZRM
UM Physics 135 Final Exam Fall 11 Problem 25,4,https://docs.google.com/document/pub?id=1ra6WgX5YFzHQH7zwgNxDckZUOnoXGaVqT-zZH0WlSkM
UM Physics 135 Final Winter 11 Problem 01,3,https://docs.google.com/document/pub?id=1tvA3g0ZfG4e-APSGPn9G5TuY3JkkaC5HTOF94wTKUHI
UM Physics 135 Final Winter 11 Problem 02,3,https://docs.google.com/document/pub?id=1BDWRsSavXbAfa-qwqmYYvLG2-ofYIbj7GzOe-fQr2C0
UM Physics 135 Final Winter 11 Problem 03,5,https://docs.google.com/document/pub?id=1uX3ULo22yB4axWW9Tdhv7JSpjnyTpBDUkg80BKk_osk
UM Physics 135 Final Winter 11 Problem 04,3,https://docs.google.com/document/pub?id=18g08QuShV7tNdxQ4llfyggKQ26yusi4ByqXwNugJjJU
UM Physics 135 Final Winter 11 Problem 05,5,https://docs.google.com/document/pub?id=1cxGwuLOQcOz-aWNew4um5lYDQTr1ulScmhIuAMg8fJs
UM Physics 135 Final Winter 11 Problem 06,4,https://docs.google.com/document/pub?id=1vuI1LVG6wxNLONCFWpQLNbyjDE5nhzso9f_93ji3td4
UM Physics 135 Final Winter 11 Problem 07,5,https://docs.google.com/document/pub?id=1ogYR5SlZfeYZ3k7EmGxA4G9MicwlUVIWlzHPn0SW6sU
UM Physics 135 Final Winter 11 Problem 08,3,https://docs.google.com/document/pub?id=1zZf_8TyeSOEOUdIZVRqv01Dl7UIbfbD-Qd1jvaUat6Y
UM Physics 135 Final Winter 11 Problem 09,4,https://docs.google.com/document/pub?id=1BWLIrt3zguWFVvds5UrBqciDC9veyLTyPjMGMfYdvu8
UM Physics 135 Final Winter 11 Problem 10,5,https://docs.google.com/document/pub?id=1D3my8yre0h8iu8irjUqB_GuJhWGDyJtYuZU9FdMoJ-w
UM Physics 135 Final Winter 11 Problem 11,3,https://docs.google.com/document/pub?id=1WRKyvApA9DV4f7eh7MKJEhaYgz-83Bqmszfc7C2w7cw
UM Physics 135 Final Winter 11 Problem 12,4,https://docs.google.com/document/pub?id=1OZ0FemScYaz3PyuJ4fjdMyWcuk0XC3oUAlfcb-a-nBA
UM Physics 135 Final Winter 11 Problem 13,4,https://docs.google.com/document/pub?id=1Xrv3eU_TeL5FNhpmI7j-oFprxV5_AyPV1SXJnqC5p50
UM Physics 135 Final Winter 11 Problem 14,4,https://docs.google.com/document/pub?id=150FDeD8gVCd2KT8PP7VgHcyiC6rYChWbF0AHG5RO1-8
UM Physics 135 Final Winter 11 Problem 15,2,https://docs.google.com/document/pub?id=1NDsHtumydcVysTjVUyEHnso1ZBi-9BAACspYIBXI4dk
UM Physics 135 Final Winter 11 Problem 16,3,https://docs.google.com/document/pub?id=1yHuBHIZdjDv_Ybs7N3Vp2aITmuQ9vomtXJM4d1zKGqI
UM Physics 135 Final Winter 11 Problem 17,3,https://docs.google.com/document/pub?id=1oGA6ufpQ_BwiBBSPAA59JQtpxWsbw7jukdhL07ktk3Q
UM Physics 135 Final Winter 11 Problem 18,2,https://docs.google.com/document/pub?id=1o7g77k2FuKdROD9mHZ7Ybbtbk0QftjM7uRINc0-iVnw
UM Physics 135 Final Winter 11 Problem 19,5,https://docs.google.com/document/pub?id=1Ct7z91rFSLhm9nGMlA4aBdB1Vl5_mVOCSu0c7Np3LUg
UM Physics 135 Final Winter 11 Problem 20,3,https://docs.google.com/document/pub?id=183p_p6uKAdn5qnnuYlOxCwsT3To9FEwmOMuavz3HeYg
UM Physics 135 Final Winter 11 Problem 21,3,https://docs.google.com/document/pub?id=1s_htm3_O3Z69p2E43IKJQwmx61PsMIZI5kRCeO_n04k
UM Physics 135 Final Winter 11 Problem 22,4,https://docs.google.com/document/pub?id=1iEyeiKLDDkLT1ZIN7_09D0z9eRU31wQbMOT4oTwveDw
UM Physics 135 Final Winter 11 Problem 23,3,https://docs.google.com/document/pub?id=1wkXiE3bcg0agmFKYbzyUfU9PCmQgAqNOP79y2SiWA1E
UM Physics 135 Final Winter 11 Problem 24,3,https://docs.google.com/document/pub?id=1PHSIZMTajFkZqAEMnD509Kd4afAodzY8pvvWYy3TFqE
UM Physics 135 Final Winter 11 Problem 25,4,https://docs.google.com/document/pub?id=1-IceX9WeDYs6wnOm58TGIin68lgdS0So4sODLfApxk8
