UM Physics 240 Midterm 1 Fall 07 Problem 01,2,https://docs.google.com/document/pub?id=1FTqjLFaT9kOWUiuJV5RvHMYgunpjS0bRESUX1LxELDo
UM Physics 240 Midterm 1 Fall 07 Problem 02,2,https://docs.google.com/document/pub?id=1cW0FD4bT4aUcYqL1hIfBqe2-_Q4A4eD3PPs7aaiTj70
UM Physics 240 Midterm 1 Fall 07 Problem 03,1,https://docs.google.com/document/pub?id=1DYA72Az3E5g2D9IcGUEoOzdC9v7-8GnnmMWhryGkEHs
UM Physics 240 Midterm 1 Fall 07 Problem 04,4,https://docs.google.com/document/pub?id=1382gcsbOD0p3IKZI3yIbCXXntr0BP1u42u6xsmsokRc
UM Physics 240 Midterm 1 Fall 07 Problem 05,2,https://docs.google.com/document/pub?id=1BH2kHCisDCPe2b8lPRgykde8vXFp4buohQurW1asSJg
UM Physics 240 Midterm 1 Fall 07 Problem 06,4,https://docs.google.com/document/pub?id=1KAeIzVbeL68-DuZnT1FPSJ4Hr5bATZkXfkHGne-Dl1c
UM Physics 240 Midterm 1 Fall 07 Problem 07,2,https://docs.google.com/document/pub?id=1vNWugtxqDDAQKMO5_HaqnzGKx7O_993gWD0PoGw7tl8
UM Physics 240 Midterm 1 Fall 07 Problem 08,2,https://docs.google.com/document/pub?id=1CI07XtrY6YDWbtFphsNtyyaTlBAYv2K96dBPbC7OhmA
UM Physics 240 Midterm 1 Fall 07 Problem 09,5,https://docs.google.com/document/pub?id=1ev80MmKMUVtYzyU5M4OQJpx5fRz_huwk7YHImyl5l8Y
UM Physics 240 Midterm 1 Fall 07 Problem 10,5,https://docs.google.com/document/pub?id=1fyJ6f0lfHRvt0VxFeN3zAB1XeoaRDWPFkAxGDY0f42E
UM Physics 240 Midterm 1 Fall 07 Problem 11,4,https://docs.google.com/document/pub?id=1LIfaymJX5kRRwBtUxUtvq_ZTWrX7ZoX5ThB6-08Opfo
UM Physics 240 Midterm 1 Fall 07 Problem 12,3,https://docs.google.com/document/pub?id=10JVAPPSSup2N8Rk1mX4rzoNYvX6Xu1JObibDB3O0OyA
UM Physics 240 Midterm 1 Fall 07 Problem 13,3,https://docs.google.com/document/pub?id=1IL5sEd4J5uyOfYG65jLq1GL_nDQfXqGamtDwfcoY530
UM Physics 240 Midterm 1 Fall 07 Problem 14,2,https://docs.google.com/document/pub?id=1R0PPRMnm2gPMDmmGYZ9CJRZJWB5ACg9WO-VIIbMVLcc
UM Physics 240 Midterm 1 Fall 07 Problem 15,2,https://docs.google.com/document/pub?id=1T8Q2w-qQrikOHE3-wplU8sfZzzccniCAi-VFj6cTROI
UM Physics 240 Midterm 1 Fall 07 Problem 16,5,https://docs.google.com/document/pub?id=1or4KTgKwpz0y1am0JYcRAnqIWQ0lrOiXgpZ_uaYqP0U
UM Physics 240 Midterm 1 Fall 07 Problem 17,5,https://docs.google.com/document/pub?id=1ZPCvagGA1g1O5MRuvUIh13TaAacVIi7Mq85RGKfdx3o
UM Physics 240 Midterm 1 Fall 07 Problem 18,5,https://docs.google.com/document/pub?id=1Crr17-2d3A_lTiM5Lpu3F_KGEx2jrjmH6eYLy3JL2Tc
UM Physics 240 Midterm 1 Fall 07 Problem 19,5,https://docs.google.com/document/pub?id=10Hdcp4-w7l4QKl88lfZ3E5_j-yNHtcsYbtz9NGGkMFM
UM Physics 240 Midterm 1 Fall 07 Problem 20,5,https://docs.google.com/document/pub?id=1Ybl-GNO2yj90Bw1me82Xuc0yFEQHGy9W1ki8mD0M2Z4
UM Physics 240 Midterm 1 Fall 10 Problem 01,5,https://docs.google.com/document/pub?id=1ddafTP4MzKpQzs359Xxyyz7Ye4lumJb1Xk6SPOJ8EEo
UM Physics 240 Midterm 1 Fall 10 Problem 02,5,https://docs.google.com/document/pub?id=1r1z4E0Hgh-ff3BZkSzQ6Py3oGBB-SRkIY7K87CyASFk
UM Physics 240 Midterm 1 Fall 10 Problem 03,1,https://docs.google.com/document/pub?id=1emrHQT0gyFES3LzHol9iS9r7QsAXOaMg4FalWa23NXA
UM Physics 240 Midterm 1 Fall 10 Problem 04,2,https://docs.google.com/document/pub?id=11oqWmZX8CMXlxGj7RknZo0msgjU0A4XwkMNH9T_r9hA
UM Physics 240 Midterm 1 Fall 10 Problem 05,1,https://docs.google.com/document/pub?id=1oH37kEz1fiAUX3eHA3dIQGnBVlNaWrsyTyHrH3Dxqrg
UM Physics 240 Midterm 1 Fall 10 Problem 06,1,https://docs.google.com/document/pub?id=1mfhkc9m-lhQsfRiIoJH42yrugTutvJcdWJ5XeRt5P9o
UM Physics 240 Midterm 1 Fall 10 Problem 07,5,https://docs.google.com/document/pub?id=1AchC2mHVtNYoy97kQzEGtCYYPV26_cgnptSEb6HEeBY
UM Physics 240 Midterm 1 Fall 10 Problem 08,4,https://docs.google.com/document/pub?id=1UBCTyMuxSF_e-Okne5kt7nTaXPuUJsLgffVvcQ0gDog
UM Physics 240 Midterm 1 Fall 10 Problem 09,4,https://docs.google.com/document/pub?id=17ip39_7iyTUGk_FAjw7A0oNi7bswu688vSlU97c8wLA
UM Physics 240 Midterm 1 Fall 10 Problem 10,1,https://docs.google.com/document/pub?id=1xdJ92FdQj_ynZ2uteHMWLV7oouugKKSFVE7I5qYIQ1M
UM Physics 240 Midterm 1 Fall 10 Problem 11,2,https://docs.google.com/document/pub?id=1ELW62NsyWVw2N4ClQl_i2In6T-9Iff6bm_sVAKlfJZw
UM Physics 240 Midterm 1 Fall 10 Problem 12,1,https://docs.google.com/document/pub?id=1xiXUzcKhtEL8DUaHwOlhWrW0HhjANFu1e3Uy34mydFA
UM Physics 240 Midterm 1 Fall 10 Problem 13,3,https://docs.google.com/document/pub?id=18ztL2CfPCsgcmxl-J_8CBjzJRT856Cd4PgFg6bu6QLw
UM Physics 240 Midterm 1 Fall 10 Problem 14,4,https://docs.google.com/document/pub?id=1_G8Vckg_YHiP0CvlozgDVFRcR19pGV5Ukb4Njop1IuM
UM Physics 240 Midterm 1 Fall 10 Problem 15,2,https://docs.google.com/document/pub?id=1dHTpjRaWmsUnMJqw7ug0h9hVSIv-Bome4B0P0W1GViA
UM Physics 240 Midterm 1 Fall 10 Problem 16,1,https://docs.google.com/document/pub?id=1W0MsAKuD9bGtyqBNKhvelqV9yQz4RQwJsUSkfzzkrdU
UM Physics 240 Midterm 1 Fall 10 Problem 17,4,https://docs.google.com/document/pub?id=1omrlGSF9g5p5VpFkUOQj0UYG8sl8c7cX2sa0HSYzsl0
UM Physics 240 Midterm 1 Fall 10 Problem 18,4,https://docs.google.com/document/pub?id=1owAUhaNoPcP5yGEVeiBpxNM1GhVU32gyKo_LLjpFDdQ
UM Physics 240 Midterm 1 Fall 10 Problem 19,2,https://docs.google.com/document/pub?id=1rwA-yTst2-3zLKBT1vgB7SPM0ykhmrbEJbheeorEv98
UM Physics 240 Midterm 1 Fall 10 Problem 20,5,https://docs.google.com/document/pub?id=15eKtCKeLhR1xFqxJGh95QH-kO9yaSL0QjcLEjWiDlK0
UM Physics 240 Midterm 1 Winter 10 Problem 01,5,https://docs.google.com/document/pub?id=1YrUn5ROEQA2p3cFK3H6Q1VyDYGf2outYKedEhf9sja4
UM Physics 240 Midterm 1 Winter 10 Problem 02,1,https://docs.google.com/document/pub?id=1j0qBmxRdjj5BDPUTkMMgWP7jCRNjh0zLQ7TSPqNGwSU
UM Physics 240 Midterm 1 Winter 10 Problem 03,4,https://docs.google.com/document/pub?id=10d1vz01kqyQ-IOljE2HPNmQx8y5VbTbjJMSQ4lkRFwY
UM Physics 240 Midterm 1 Winter 10 Problem 04,4,https://docs.google.com/document/pub?id=1_1vear5t9d8TjnsMUrpnNRTcL7QuxQMuhUf_iSlfwx8
UM Physics 240 Midterm 1 Winter 10 Problem 05,2,https://docs.google.com/document/pub?id=1gGELYzCaKswOCCMYgxG7-9gAHrsb6NmXqCzGwtEuixQ
UM Physics 240 Midterm 1 Winter 10 Problem 06,2,https://docs.google.com/document/pub?id=1uPoMepBVKN5Bx3T1wtikHGcsGCd00kwrn5NpabCDnh8
UM Physics 240 Midterm 1 Winter 10 Problem 07,4,https://docs.google.com/document/pub?id=1GkSFJ-0FZIBT3dY5PAY-5ZqvjV5eL2Rdzv2Va1givFo
UM Physics 240 Midterm 1 Winter 10 Problem 08,2,https://docs.google.com/document/pub?id=10rYOnRwcz8Ytq5QH9QaW-PKFJUJK2YXzPLpTD57sxgw
UM Physics 240 Midterm 1 Winter 10 Problem 09,5,https://docs.google.com/document/pub?id=1q4qldn_jGwh5RzCYxe0kmioTkE-HZISnuueQz-Atf64
UM Physics 240 Midterm 1 Winter 10 Problem 10,5,https://docs.google.com/document/pub?id=130vFSzSPyCt8yP35PVY3kTD4tKso6JuQ5-6ph0ShC7k
UM Physics 240 Midterm 1 Winter 10 Problem 11,5,https://docs.google.com/document/pub?id=16bOKczcj_gEmfzqD327-p6m4CkucssTujHrf2Pbkra8
UM Physics 240 Midterm 1 Winter 10 Problem 12,1,https://docs.google.com/document/pub?id=1NRYpwijvXM7Ziz-29T73sZNm3lXmtoDtLQAV0Fdd0m0
UM Physics 240 Midterm 1 Winter 10 Problem 13,5,https://docs.google.com/document/pub?id=1yDlKkUr89g3zCPioZ3PQnvpbZuAR9EXkHAEqRw8Jdws
UM Physics 240 Midterm 1 Winter 10 Problem 14,3,https://docs.google.com/document/pub?id=1Inz9ov2DdIhvl8lBeQjZ0h_78gywaWYNsJD-TqUhevQ
UM Physics 240 Midterm 1 Winter 10 Problem 15,1,https://docs.google.com/document/pub?id=15pjhtjx2MD1K9moemDi_WkgL6glRpMlrcY7zguidpDs
UM Physics 240 Midterm 1 Winter 10 Problem 16,3,https://docs.google.com/document/pub?id=1sQV1OoEmz0z6W6pI3_jI7REpAuKrcokJ-kkxqSeQmdc
UM Physics 240 Midterm 1 Winter 10 Problem 17,4,https://docs.google.com/document/pub?id=1n25lHPkU5Gnc0DWgxgYS1car4VWxl_zUP0ImUm35xrY
UM Physics 240 Midterm 1 Winter 10 Problem 18,1,https://docs.google.com/document/pub?id=1d3o1DvmmsZMj7qvgLlnazyTaGPKHkpLv_xtmCMPXJgQ
UM Physics 240 Midterm 1 Winter 10 Problem 19,4,https://docs.google.com/document/pub?id=1AugtP1UVF32xmS7ttcLSz70PbMEfm7BAtaMgNJgByqU
UM Physics 240 Midterm 1 Winter 10 Problem 20,3,https://docs.google.com/document/pub?id=1d5Sbsuc-NulOuhqobebX5VXZL7hhcwl8VX0OwwvDzy4
UM Physics 240 Midterm 1 Winter 09 Problem 01,5,https://docs.google.com/document/pub?id=1bSKFYno-WZabB1qPdBqc4UN3DMwxvzMhwIGymorLenE
UM Physics 240 Midterm 1 Winter 09 Problem 02,3,https://docs.google.com/document/pub?id=1J7qqLf0BSPJLqG_xqspHKGeSx2aH3yC_YVzMMdmE3do
UM Physics 240 Midterm 1 Winter 09 Problem 03,2,https://docs.google.com/document/pub?id=1vIrxmapF6kpvCPtOXrPOm0VuUvm89W35PuJCx_18lik
UM Physics 240 Midterm 1 Winter 09 Problem 04,1,https://docs.google.com/document/pub?id=1u703PZFHSOxZjWOtPBmECeq6s9X_rctN1YUyiOtWVqU
UM Physics 240 Midterm 1 Winter 09 Problem 05,4,https://docs.google.com/document/pub?id=1dhH9oC4OAAdJRd-_unIZNE36qemsAK7LJO0kd8A3DJU
UM Physics 240 Midterm 1 Winter 09 Problem 06,3,https://docs.google.com/document/pub?id=1DSqwvfZug1k2a3Ue0Ua8oWHI4uaECfraz6tXN8XzPUY
UM Physics 240 Midterm 1 Winter 09 Problem 07,3,https://docs.google.com/document/pub?id=1R8i_hKvI4mfuSJclohukUpbLpGbkFdD7ldtYiJg927U
UM Physics 240 Midterm 1 Winter 09 Problem 08,2,https://docs.google.com/document/pub?id=1HMTAAgOEzsViy7W8Ou2i8G2h8-_e5h5wlJrDcVIznMo
UM Physics 240 Midterm 1 Winter 09 Problem 09,1,https://docs.google.com/document/pub?id=1NPDTY99Q9MayAtWkwxFhva4kntm60WuxvNkL4NZWWQg
UM Physics 240 Midterm 1 Winter 09 Problem 10,4,https://docs.google.com/document/pub?id=16V8CWdrtvXbqDao4-Cbk0nZw8yejc2qFN1SMVK0vCVE
UM Physics 240 Midterm 1 Winter 09 Problem 11,2,https://docs.google.com/document/pub?id=1Tx8jhkXpGUbbq0C-OIVWIwTeJ0Ym49Toxnp5AFaHQu0
UM Physics 240 Midterm 1 Winter 09 Problem 12,1,https://docs.google.com/document/pub?id=1_M51zVNbwHoQ6pGbgJAVRXomXaxryDmjQFPzrwekMN4
UM Physics 240 Midterm 1 Winter 09 Problem 13,3,https://docs.google.com/document/pub?id=1O4iRvicNtnFoL3--xNFIkWhgdcUW8eyvKXf5uWR3208
UM Physics 240 Midterm 1 Winter 09 Problem 14,1,https://docs.google.com/document/pub?id=1tMKO5cO0qF93BvF6tUndg1IbpoIdBR-hcgBoH8HbEDY
UM Physics 240 Midterm 1 Winter 09 Problem 15,1,https://docs.google.com/document/pub?id=1hQrN1NpritHOECGoHrQYMWIFyzQCnD0BjtB5JWQ62hc
UM Physics 240 Midterm 1 Winter 09 Problem 16,2,https://docs.google.com/document/pub?id=1teug44BqTWzpA-JvTChbYauiKaDRW6po1l9IBX7UJ0Y
UM Physics 240 Midterm 1 Winter 09 Problem 17,4,https://docs.google.com/document/pub?id=19g3qajHi63hNOpV9TLYZTqvbAds6ok8w8jFRypu9fL4
UM Physics 240 Midterm 1 Winter 09 Problem 18,1,https://docs.google.com/document/pub?id=13T5psF3CMaOItZlAEi2dv1ib62zQzvT3r8ZzRfCRBT8
UM Physics 240 Midterm 1 Winter 09 Problem 19,1,https://docs.google.com/document/pub?id=1yiPtqCYMVCzf9bS-0k3scZ_kqRnPN0_JxYK2WHZjB1E
UM Physics 240 Midterm 1 Winter 09 Problem 20,3,https://docs.google.com/document/pub?id=1tM8feZetC5ddNSBagMuCIXlM7p9HUqauxzQut3MABEQ
